	Norway	3.6666666666666665
Julianne Mariana Question	Norway	1.5
Remarkable complete	Norway	3.8
Bailey Yutzel Unable	Norway	2.8333333333333335
	Norway	2.5
Metformin Substance Kill hungry	Norway	4.166666666666667
	Norway	2.5
	Norway	2.0
	Norway	4.0
	Norway	2.3333333333333335
Environmental Zelda	Norway	0.5
Latter Moroccan nervous	Norway	1.7
	Norway	4.0
	Norway	3.25
E.N.T.	Norway	4.0
Unhappy Driver	Norway	2.875
Son Sabrina Metformin	Norway	2.5
	Norway	3.75
Scarce Lonely Teacher	Norway	3.0
Clavula Fuemide Gamil Atenolol	Norway	2.25
	Norway	5.0
Bless Citalopramus	Norway	4.5
	Norway	4.0
Bless Destinee Electrician Francisco	Norway	2.5
Woburn Elms Fitting Pretty	Norway	2.0
	Norway	1.75
	Norway	4.0
	Norway	3.0
	Norway	5.0
Goofy butter Zelda	Norway	2.75
Eastern	Norway	2.75
	Norway	3.0
	Norway	3.5
Analyst sudden	Norway	1.5
Show Manifest West	Norway	4.75
Terrible	Norway	4.5
	Norway	2.1666666666666665
	Norway	1.5
	Norway	4.0
	Norway	4.0
Desperate	Norway	3.0
	Norway	5.0
Waterbuck Chinchilla Plumber	Norway	2.2
Pravastatin belligerent	Norway	3.5
	Norway	4.5
Global Besylate Eastern	Norway	3.2
	Norway	1.125
Tramadol Bosnian Taylor	Norway	2.125
Alice Civil	Norway	3.1
Sunny Lodge II price	Norway	4.25
Crude-Woman Rare Isabel	Norway	1.0
Advisor Ibuprofen serious	Norway	3.0
	Norway	3.75
Prednisone Italian	Norway	3.0
Believe aggressive	Norway	1.5
	Norway	1.5
Tall	Norway	2.7222222222222223
	Norway	2.6
Cashier Ariel logical	Norway	2.5
Simvastatin	Norway	2.0
	Norway	3.0
Woodchuck	Norway	1.25
	Norway	3.0
	Norway	2.3333333333333335
Financial Morgan Maci Dispotix	Norway	2.5
Indas	Norway	2.625
	Norway	1.0
Strict	Norway	2.2
Rage Against the Torch Allisson Bosnia and Herzegovina	Norway	1.0
Twenty Pigeons Mix belligerent	Norway	1.75
	Norway	2.6666666666666665
Incredible	Norway	2.0
Selcet Mareli	Norway	3.25
Tramadoxy	Norway	1.5
Eland Analyst Connect Aperitivo	Norway	3.625
Tricor Clarissa Abilify	Norway	2.0
Inerziona	Norway	3.0
	Norway	3.75
Arabic Exciting electronic	Norway	1.3333333333333333
Evelyn Sports	Norway	4.75
Pakistan Bat	Norway	1.3333333333333333
	Norway	3.0
	Norway	1.5
Hysterical Ibureno	Norway	2.5
Son Heidi	Norway	5.0
Tiger	Norway	5.0
	Norway	4.0
Hare Asparago	Norway	1.25
Porcupine Event Planner Taylor Trailer	Norway	3.75
	Norway	1.5
Fluoxetine Boring VI	Norway	5.0
Rubeusatron Megafairy Besylate	Norway	1.5
	Norway	3.25
Nasonex Kendall	Norway	3.0
	Norway	1.25
Tapir	Norway	1.8333333333333333
	Norway	2.625
Montgomery Leonudy	Norway	2.75
China	Norway	2.7
Conscious Persian China	Norway	5.0
Chef Aono	Norway	1.5
	Norway	3.0
	Norway	1.9
Promethazine curious Turkish	Norway	5.0
	Norway	4.0
Traditional price Crazy White Day	Norway	3.3333333333333335
	Norway	5.0
Cuddly Tayrris	Norway	2.9375
	Norway	2.4
Accurate afraid	Norway	2.3333333333333335
	Norway	2.0
Meltan Annoying	Norway	4.5
	Norway	2.0
	Norway	2.0
	Norway	0.75
Pure	Norway	2.8333333333333335
	Norway	3.0
Invention	Norway	4.333333333333333
	Norway	2.6666666666666665
Bria Holly Sheet	Norway	1.5
McTorch	Norway	1.8333333333333333
Messy	Norway	2.75
	Norway	1.25
Morgan Arabia huge	Norway	2.8333333333333335
Gabriella	Norway	2.0
Connect Responsible Public Relations Specialist	Norway	2.5
Electronic annoying Bless Destinee	Norway	2.0
	Norway	5.0
Construction	Norway	2.5
Similar Matter	Norway	4.5
Hysterical Hrazir Devan	Norway	5.0
Tramadoxy	Norway	5.0
Harriea	Norway	4.0
Alexus develop	Norway	4.0
	Norway	4.5
Simvastatin Slovak	Norway	1.0
	Norway	1.6666666666666667
	Norway	3.5
Hrazir Awesometoes	Norway	3.8333333333333335
Bosnia and Herzegovina need	Norway	2.5
Obviously Marvastic M D	Norway	2.75
	Norway	3.1666666666666665
Conscious various Poor	Norway	2.6666666666666665
	Norway	3.75
A classic title format Hungary Sodium	Norway	1.0
Cute Copper	Norway	1.875
Viagra hot	Norway	2.5
Democrate Impressive history	Norway	4.0
Lizard obviously United	Norway	3.6666666666666665
Price Bird Absurd	Norway	3.0
Diagnostic	Norway	2.25
	Norway	4.166666666666667
	Norway	4.0
Bless entire	Norway	3.0
Electrical Morgan	Norway	3.0
Kylie Adalyn China Antique White	Norway	2.3333333333333335
Responsible Georgia Arabic	Norway	2.75
The Royalls Sew a Raspberry	Norway	3.5
Zebra Turkey	Norway	2.75
	Norway	2.75
	Norway	3.0
Amoxiassium Jordan Georgian Slovak	Norway	4.5
Icelandic Guttural	Norway	3.0
Slovakia 56	Norway	3.0
Zackary	Norway	1.5
	Norway	3.1666666666666665
	Norway	3.6666666666666665
Obvious Substantial	Norway	3.0
Absurd Bird	Norway	3.5
The Snuggling Cats	Norway	1.0
Nexium Ted Read	Norway	5.0
Environmental Tramadoxy tiny	Norway	3.5